Datetime,Language,Text,Tweet Id,Username
10/02/2021 14:04,en,Our editor @helencfarrell outlines her experience applying for the post-#Brexit biometric residence document at theâ€¦ https://t.co/xjEvB1WLMQ,1.3595E+18,TheFlorentine
10/02/2021 11:45,en,@brexitisus @TimMadigan9 @BBC @TVNaga01 @BBCBreakfast Leave Naga alone.  As 'Sovereign Brexit &amp; UK Unity' sounds aâ€¦ https://t.co/lmF2RAi06B,1.35947E+18,AudaxAudacious
10/02/2021 10:57,en,"@lorraine_teuten Sorry to hear about Mr Shapps (senior) it ain't his fault.

Well Grant with an Australian style imâ€¦ https://t.co/W2GnnVhaBs",1.35946E+18,GrezwaldR
10/02/2021 10:38,en,"Under the new Skilled Worker route, visa applicants must score a minimum of 70 points against set criteria to be grâ€¦ https://t.co/fDLFDKJ98a",1.35945E+18,SSW_Immigration
10/02/2021 10:27,en,"On-demand webinar video: End of the #Brexit transition period - what does this mean for #HR?

Huw Cooke talks aboutâ€¦ https://t.co/wGOyoWZ5KC",1.35945E+18,XpertHR
10/02/2021 09:05,en,Are you an EU citizen living in the UK? You have until the end of June to apply to the #EUSettlementScheme. This wiâ€¦ https://t.co/bOAPGkn1zV,1.35943E+18,ageUKNT
09/02/2021 22:09,en,ðŸ˜‚ they vote to leave the EU because of immigration? What a joke ????? ðŸ˜‚ðŸ˜‚ðŸ˜‚ðŸ˜‚ðŸ˜‚ðŸ˜‚ðŸ˜‚ #Brexit  https://t.co/5GwBnAHheX,1.35926E+18,sinha_monty
09/02/2021 18:19,en,UK Immigration in a Post-Brexit era - European nationals now need to meet strict #immigration requirements if theyâ€¦ https://t.co/tgjGKX51Pi,1.35921E+18,TeacherStern
09/02/2021 16:30,en,One Door Closes and Another Opens: #Brexit and the UKâ€™s Tier 1 (Investor) #Visa. https://t.co/s71OH19Om0â€¦ https://t.co/gPyVpMYMKE,1.35918E+18,ForstersLLP
09/02/2021 16:06,en,Overseas staffing challenges explained https://t.co/fw6vNj60uI #immigration #EU #Brexit #SYB #Sheffield #Solicitors #SouthYorkshire,1.35917E+18,WakeSmithLaw
09/02/2021 14:49,en,"This is just as important as fish and meat exports, the Irish border, and all the other â€˜teething troublesâ€™ of theâ€¦ https://t.co/3MaGIvtaqh",1.35915E+18,HughDBryant
09/02/2021 11:42,en,"Patrick Gallen, @GrantThorntonNI highlights the 'complexities of post #Brexit immigration' and the key areas organiâ€¦ https://t.co/ISvREIlGyo",1.35911E+18,lighthouseni
09/02/2021 11:29,en,"Boardside Immigration Watch.

https://t.co/oPH2IJwgcj

#LegalUpdate #UKImmigrationRules #Immigration #Brexit #RightToWork #EmploymentLaw",1.3591E+18,Boardside_
09/02/2021 11:21,en,"As a black woman living in the UK, hearing endless moaning about immigration made me and fellow non-whites, have aâ€¦ https://t.co/4LhoYT7E2g",1.3591E+18,ILuvLewisHam
09/02/2021 10:59,en,"In case you missed it...

New research by Carraighill on the new points based migration system in the UK, and whatâ€¦ https://t.co/PuR7VOlzbD",1.35909E+18,CarraighillC
09/02/2021 10:21,en,"""I never thought it through, I just assumed everything would more or less stay the same but with less immigration.""â€¦ https://t.co/rzsclGCdxJ",1.35908E+18,Dimcl2
09/02/2021 09:59,en,"""UK towns with more immigrants do much better economically"" 

The main reason for #Brexit rubbished. 

https://t.co/2CVdrxSyTr",1.35908E+18,Villavelius
09/02/2021 09:30,de,Was bedeutet das Brexit-Abkommen fÃ¼r Entsendungen in das Vereinigte KÃ¶nigreich und die BeschÃ¤ftigung von britischenâ€¦ https://t.co/i202Wg0BJN,1.35907E+18,bluedex_law
09/02/2021 08:30,en,Just realised that the one of the most beloved characters in the English Children literature is an immigrant bear fâ€¦ https://t.co/RDRdmJ6SRg,1.35906E+18,ErricoPalmira
08/02/2021 17:54,fr,"1.S'installer en Espagne en tant que britannique, Â«mission impossibleÂ» aprÃ¨s le #Brexit
les Britanniques doivent adâ€¦ https://t.co/G1meyIE08c",1.35884E+18,MarieMarysienka
08/02/2021 17:45,en,I will be helping Settled with a live session on Facebook to help the Portuguese speaking community with theâ€¦ https://t.co/3Ds8RwHT6f,1.35883E+18,SpiGoncalves
08/02/2021 16:20,en,"With the brilliant @SarahPinder2 we
 look forward to starting our spring 2021 webinar series tomorrow. This is theâ€¦ https://t.co/UkBAVL6bPx",1.35881E+18,IqbalSamina
08/02/2021 16:00,en,"With a Brexit deal agreed and a new UK #immigration system now in place, employers are navigating unchartered waterâ€¦ https://t.co/Ot255AKMRn",1.35881E+18,HRGrapevine
08/02/2021 13:25,en,"Immigration rules continue to shift in 2021, especially with #Brexit, the #EUPostedWorkersDirective andâ€¦ https://t.co/kxXn3HXfrB",1.35877E+18,IusLaboris
08/02/2021 12:02,en,ðŸ“° Labour shortages caused by new post #Brexit immigration rules are set to hit firms with cost hikes on projects.â€¦ https://t.co/6fgnEzphRg,1.35875E+18,GleedsGlobal
08/02/2021 10:14,en,Our point is only that brands may want to avoid advertising on such an outlet - many people don't want their moneyâ€¦ https://t.co/Kx33BGo25X,1.35872E+18,bmay
08/02/2021 08:53,en,all these scroungers need to do is retract their Immigration Claims and bugger off then. #Brexit UK is no longer aâ€¦ https://t.co/LCTg4Wpxy8,1.3587E+18,Dr_MatthewSwann
07/02/2021 20:20,en,"UK towns with more immigrants do much better economically, study finds https://t.co/XQhahIVJhE 
#UK #immigration #Brexit",1.35851E+18,SimonTurkas
07/02/2021 15:33,en,"Iâ€™ll just leave this here for the idiots who thought #brexit was about immigration, boarders and taking back controâ€¦ https://t.co/bLlPiPkdIe",1.35844E+18,planetgolfrview
07/02/2021 14:29,en,"Oh dear, how sad, what a pity, never mind

â€˜Remoanerâ€™ elites have complained that they will no longer be able to afâ€¦ https://t.co/3wdLVU1fER",1.35842E+18,BathNESUKIP
07/02/2021 14:05,en,"Immigration Minister says ""Au Pairs should offer a more attractive package."" Everyone said #Brexit was taking us baâ€¦ https://t.co/IeDJwUvjmS",1.35842E+18,Wyfan2
07/02/2021 13:53,en,"'The Assault on Truth â€“ how Boris Johnson played the press'
""the Mail in particular refused to examine the false prâ€¦ https://t.co/7phg5ZM2bu",1.35841E+18,jas_glos
07/02/2021 13:32,en,"Fancy Â£2000 and a free flight to leave the UK?

Brexit: EU Nationals Offered Â£2K To Leave the UKâ€¦ https://t.co/9PoYDlCIGS",1.35841E+18,iam_immigration
07/02/2021 13:22,en,"I studied the government advice in the months before #brexit. In a nutshell the advice was ""go and find out for youâ€¦ https://t.co/bG0fKNLOx6",1.35841E+18,uknowhoyour
07/02/2021 12:09,en,"Subsidiarity principle, #Brexit, #Texit, end #EU, no immigration unless voted for, rebase society on traditional vaâ€¦ https://t.co/UEKxrqUnbE",1.35839E+18,of_baskerville
07/02/2021 11:33,en,"The Bullshit Express clutching straws as usual.
'#Brexit Boost: 300,000 'rich' settlers from Hong Kong to come to Uâ€¦ https://t.co/nfb8ZYFjDc",1.35838E+18,AlarmBell
07/02/2021 11:31,en,UK au pairs under threat from new immigration rules. Yet another b.s. consequence of #Brexit! https://t.co/Z5DXQoXrFv,1.35838E+18,WilsonJevelyn
07/02/2021 10:27,en,This is the part of #BrexitReality that #Brexit voters really struggle 2 understand because ultimately it was aboutâ€¦ https://t.co/PSE1ejmkpg,1.35836E+18,aslamalavi
07/02/2021 09:15,en,"UK towns with more immigrants do much better economically, study finds #Brexit https://t.co/YMdQe3NCjh",1.35834E+18,Lord_Snoooty
06/02/2021 22:01,en,Thread by @pmdfoster: ðŸš¨ðŸ‡ªðŸ‡ºðŸ‡¬ðŸ‡§ðŸ¤”ðŸ¤”ðŸ¤”ðŸ‡ªðŸ‡ºðŸ‡¬ðŸ‡§ðŸš¨NEW: post #brexit immigration rules are shaping up to kill the au pair industryâ€¦ https://t.co/iF96m4Wymt,1.35817E+18,csibike1
06/02/2021 20:40,en,"UK au pairs under threat from new immigration rules  via @FT
#brexit  https://t.co/rwh2ecyaFr",1.35815E+18,EuromoveOxford
06/02/2021 18:54,en,Thread by @pmdfoster: ðŸš¨ðŸ‡ªðŸ‡ºðŸ‡¬ðŸ‡§ðŸ¤”ðŸ¤”ðŸ¤”ðŸ‡ªðŸ‡ºðŸ‡¬ðŸ‡§ðŸš¨NEW: post #brexit immigration rules are shaping up to kill the au pair industryâ€¦ https://t.co/xBjCTv8uGl,1.35813E+18,Swindon4EU
06/02/2021 16:42,en,Thread by @pmdfoster: ðŸš¨ðŸ‡ªðŸ‡ºðŸ‡¬ðŸ‡§ðŸ¤”ðŸ¤”ðŸ¤”ðŸ‡ªðŸ‡ºðŸ‡¬ðŸ‡§ðŸš¨NEW: post #brexit immigration rules are shaping up to kill the au pair industryâ€¦ https://t.co/ojpuT7KvAz,1.35809E+18,MooneyHelen
06/02/2021 16:13,en,Thread by @pmdfoster: ðŸš¨ðŸ‡ªðŸ‡ºðŸ‡¬ðŸ‡§ðŸ¤”ðŸ¤”ðŸ¤”ðŸ‡ªðŸ‡ºðŸ‡¬ðŸ‡§ðŸš¨NEW: post #brexit immigration rules are shaping up to kill the au pair industryâ€¦ https://t.co/piAuoFRS71,1.35809E+18,petermbenglish
06/02/2021 14:55,en,"@pmdfoster ""ðŸš¨ðŸ‡ªðŸ‡ºðŸ‡¬ðŸ‡§ðŸ¤”ðŸ¤”ðŸ¤”ðŸ‡ªðŸ‡ºðŸ‡¬ðŸ‡§ðŸš¨NEW: post #brexit immigration rules are shaping up to kill the *domestic slave labour* indâ€¦ https://t.co/CZgnv2jox9",1.35807E+18,yarruMwerdnA
06/02/2021 14:43,en,Effects of Brexit to UK Travel and European immigration. Shall we shan't we? #Brexit #BloggersPitSTopâ€¦ https://t.co/cPKyLMBHfw,1.35806E+18,kalungigroup
06/02/2021 11:44,en,UK au pairs under threat from new immigration rules  - https://t.co/KAwvqlNQKM via @FT #brexit,1.35802E+18,GPontin
06/02/2021 09:28,en,Thread by @pmdfoster: ðŸš¨ðŸ‡ªðŸ‡ºðŸ‡¬ðŸ‡§ðŸ¤”ðŸ¤”ðŸ¤”ðŸ‡ªðŸ‡ºðŸ‡¬ðŸ‡§ðŸš¨NEW: post #brexit immigration rules are shaping up to kill the au pair industryâ€¦ https://t.co/bK26WQ1gr5,1.35798E+18,WaggaDoo
06/02/2021 09:13,fr,"Voici la prÃ©occupation des europÃ©istes ðŸ‡ªðŸ‡º : avec la nouvelle politique dâ€™immigration du Royaume-Uni ðŸ‡¬ðŸ‡§, qui a repriâ€¦ https://t.co/Aabfmz4Kwh",1.35798E+18,CH_Gallois
06/02/2021 07:51,en,"ðŸš¨ðŸ‡ªðŸ‡ºðŸ‡¬ðŸ‡§ðŸ¤”ðŸ¤”ðŸ¤”ðŸ‡ªðŸ‡ºðŸ‡¬ðŸ‡§ðŸš¨NEW: post #brexit immigration rules are shaping up to kill the au pair industry - on which 45,000 workâ€¦ https://t.co/cD6b4ms4Aq",1.35796E+18,pmdfoster
05/02/2021 23:11,en,The Financial Times: â€˜Parentsâ€™ fear post-Brexit #immigration system will spell â€˜au revoirâ€™ for those au pairs fromâ€¦ https://t.co/blYilIxBU4,1.35783E+18,freddie1999
05/02/2021 21:07,en,UK au pairs under threat from new immigration rules: Warning that affordable childcare system could be victim of poâ€¦ https://t.co/ykJQ4A21V3,1.3578E+18,ConservativeUK4
05/02/2021 16:00,en,"With a Brexit deal agreed and a new UK #immigration system now in place, employers are navigating unchartered waterâ€¦ https://t.co/Fj4ga9KlyV",1.35772E+18,HRGrapevine
05/02/2021 15:06,en,Skilled Worker Visa for EU nationals #skilledworker #eu #eea #brexit #healthandcarevisa #ihs #businessimmigrationâ€¦ https://t.co/PDrW6zxDtI,1.35771E+18,UKVisaSolicitor
05/02/2021 14:52,fr,"Suite au Brexit, l'Angleterre a-t-elle ""repris le contrÃ´le"" de l'immigration ?
@nickpaulharris a la rÃ©ponse ðŸ‘‡ðŸ‘‡â€¦ https://t.co/fuXKvfGsiq",1.3577E+18,forum_eu_fr
05/02/2021 14:39,en,@AStrangerJ @sianharries_ @telebusiness @tomelleryrees I thought the biggest driver behind #Brexit was immigration.,1.3577E+18,JurateWall
05/02/2021 14:25,und,#Immigration #Brexit #Sponsored #workers #legaladvice #webinar https://t.co/vlhXYc3Qag,1.3577E+18,talithadegwa
05/02/2021 13:15,en,"The transfer window closed on Monday and for the first time ever, #EU players would have been subject to theâ€¦ https://t.co/BsPeRquQVZ",1.35768E+18,HowardKennedy
05/02/2021 12:33,en,"Even without the pandemic it could be a while before bands can start touring again #Brexit #ukimmigration

https://t.co/8WnDani3gO",1.35767E+18,MigrateUK
05/02/2021 10:22,en,"On-demand webinar video: End of the #Brexit transition period - what does this mean for #HR?

Huw Cooke talks aboutâ€¦ https://t.co/EaCniw5GP8",1.35764E+18,XpertHR
05/02/2021 10:12,en,"Government publishes no-deal Brexit plan

To More:- https://t.co/U62rHpZjQt

#job  #Jobs #Poland #COVID #COVID19â€¦ https://t.co/huf27MBSiS",1.35763E+18,atozserwisplus
05/02/2021 10:09,en,@BrendanRaffer16 @fitzfun2011 We did notice it. People were warned about it. People people welcomed it than not becâ€¦ https://t.co/ad9kFwiAIz,1.35763E+18,LondonHoskins
05/02/2021 10:00,en,"As one door closes, another one opens for #EU nationals travelling to the UK to either live, work or conduct busineâ€¦ https://t.co/s1JNQWSrxv",1.35763E+18,ForstersLLP
05/02/2021 09:27,en,Met an English guy in the queue for my immigration appointment. â€œI donâ€™t think we realised when we voted [forâ€¦ https://t.co/CQY0B9kbfk,1.35762E+18,keith_wilson
05/02/2021 09:16,en,"How to apply for a French Schengen Visa: 6 simple steps

Read more ðŸ‘‰ https://t.co/P5uqzlidwo

#brexit #travelâ€¦ https://t.co/QAOpkf3cw5",1.35762E+18,iam_immigration
05/02/2021 08:45,en,"With the end of the #Brexit transition period, what are the changes in #immigration rules between the #EU and theâ€¦ https://t.co/O2j0ogwLKu",1.35761E+18,IusLaboris
05/02/2021 08:18,en,The latest The UK Visas &amp; Immigration Daily! https://t.co/QRdTpH2LYi Thanks to @DavidsonMorris @spnutrt @fatfei_ #brexit #eu,1.3576E+18,ARCHBOLDSOLICI1
05/02/2021 06:41,en,Hereâ€™s everything you need to know about how #Brexit will impact your study and work plans for the #UK:â€¦ https://t.co/46KPovZgi0,1.35758E+18,ZenitExcelencia
05/02/2021 00:07,en,"â€˜Massive uncertaintyâ€™ over UK migration data amid pandemic: Britain is â€˜flying blindâ€™, warns expert, after suspensiâ€¦ https://t.co/SUZyEXgJej",1.35748E+18,ConservativeUK4
04/02/2021 20:22,en,What EU nationals looking to work in the UK and employers need to know with regards to business immigration postâ€¦ https://t.co/iXnklhG4dx,1.35742E+18,BlandyBlandyLLP
04/02/2021 18:53,en,"Simple change to UK immigration rules can stop #Brexit killing off permit-free music tours, inquiry told https://t.co/UyPcoGNiCk",1.3574E+18,LaChantefluerie
04/02/2021 18:34,en,"Great but, why musicians?
What about Engineers,Scientists, medical experts etc!

Simple change to UK immigration ruâ€¦ https://t.co/5Hz0ZPQQ4j",1.3574E+18,PaulNewberry8
04/02/2021 18:14,en,Brexit Breaks the UK: Call For Scottish Independence Grows https://t.co/LuKII7egeD via @YouTube #Brexit #BrexitShambles #UK #Europe #IaM,1.35739E+18,iam_immigration
04/02/2021 18:05,en,Home Office in December said it had received 4.9m applications for the UKâ€™s settled status scheme â€” 1.1m more thanâ€¦ https://t.co/gLT45EQTnx,1.35739E+18,Bwarraich
04/02/2021 17:39,en,The disaster of Brexit killing off permit-free tours of the EU by musicians can be averted with a simple tweak to Uâ€¦ https://t.co/7rF0WtTLOJ,1.35738E+18,PoliticsPollss
04/02/2021 13:54,en,39% of construction companies did not even know the rules on hiring labour from Europe had changed at the start ofâ€¦ https://t.co/HKAXxfchtN,1.35733E+18,NatStoneSpec
04/02/2021 11:23,en,@bigcrispo @SocialM85897394 It was blatantly obvious where #Brexit was going to take us as a country.. the vote forâ€¦ https://t.co/a2IOM1SBeB,1.35729E+18,thedefenderuk
04/02/2021 10:22,en,"Questions about the UK's association to #HorizonEurope and the support @ucl can offer you? Check out:
-â€¦ https://t.co/Kij9OYxxsR",1.35727E+18,Grace_Gottlieb
03/02/2021 23:24,en,"Are Arron Banks, Boris Johnson etc untouched by that side of this made up mass immigration you think exists, gambo?â€¦ https://t.co/oMt7dqJAlL",1.35711E+18,JoelBaccas
03/02/2021 19:30,en,@JTJones996 @MaxRobertFinch @KimWilding4 The EU was against the worker and was inherently racist allowing unlimitedâ€¦ https://t.co/LQtsk7pF0B,1.35705E+18,xNicoleRobx
03/02/2021 15:53,en,"Post- #Brexit immigration rules, begun on 12/1/2020, make rough sleeping grounds for refusal or cancellation of perâ€¦ https://t.co/9DvFZiHybv",1.35699E+18,unngowgeh
03/02/2021 14:51,en,"We cover #COVID19's impacts on employers, the results of #Brexit on workforce planning due to #immigration and a roâ€¦ https://t.co/zpLYBxTsHc",1.35698E+18,SHMALaw
03/02/2021 12:27,und,"https://t.co/EOJOe1AP1Y

#HigherEducationNews #Brexit #StudyInUK #PostBrexit #InternationalStudents #immigration",1.35694E+18,EdvoyGlobal
,en,The end of the #Brexit transition period has brought many changes to #immigration rules between the #UK and the #EUâ€¦ https://t.co/c3yVT9wKPF,1.35692E+18,IusLaboris
03/02/2021 10:18,en,"Post Brexit, how new immigration rules are set to change hiring https://t.co/H06kluciYu via @ExecutiveGVâ€¦ https://t.co/CuxMF30YPH",1.35691E+18,Zest2Rec
03/02/2021 10:00,en,"With freedom of movement now ended between the UK and EU, recruiting workers from abroad have become more complex aâ€¦ https://t.co/4e205rxvAV",1.35691E+18,taxamersham
03/02/2021 08:23,und,#recruitment #hiring #BREXIT  https://t.co/c5OnJlNgfj,1.35688E+18,ab_redhead
03/02/2021 03:14,en,"@TheEconomist Realistically, how long can foreign immigration go on? After 1500 years of foreign immigration , evenâ€¦ https://t.co/K5rBaQWwqy",1.3568E+18,Devious419
02/02/2021 20:50,en,President Bidenâ€™s belief here is correct. I wonder if heâ€™d be willing to have a word with the UK government which aâ€¦ https://t.co/Z69wELbvuA,1.35671E+18,SavillJonathan
02/02/2021 18:52,en,"If you are an employer, you need to have a sponsor licence to hire most workers from outside the UK. The new systemâ€¦ https://t.co/THdcbI5ASW",1.35668E+18,skylarmckeith
02/02/2021 18:50,en,"EU, EEA and Swiss citizens who were not resident in the UK on or before 31 December 2020 will now need to obtain viâ€¦ https://t.co/V0Dolkm99K",1.35668E+18,skylarmckeith
02/02/2021 16:02,en,"Now that freedom of movement between the UK and EU had ended, hiring workers from abroad will likely become more ofâ€¦ https://t.co/l1WacziUDY",1.35663E+18,ExecutiveGV
02/02/2021 15:08,en,"@Chunkyferryman @WillItBennyHil1 @mikegalsworthy @Anniepop2027 @Conservative Nationally, I agree. However, there isâ€¦ https://t.co/AAlaGsUJ85",1.35662E+18,JohnGor30307844